"Entity","Code","Year","type","TWh"
"World","OWID_WRL",1800-01-01,"Wind",0
"World","OWID_WRL",1810-01-01,"Wind",0
"World","OWID_WRL",1820-01-01,"Wind",0
"World","OWID_WRL",1830-01-01,"Wind",0
"World","OWID_WRL",1840-01-01,"Wind",0
"World","OWID_WRL",1850-01-01,"Wind",0
"World","OWID_WRL",1860-01-01,"Wind",0
"World","OWID_WRL",1870-01-01,"Wind",0
"World","OWID_WRL",1880-01-01,"Wind",0
"World","OWID_WRL",1890-01-01,"Wind",0
"World","OWID_WRL",1900-01-01,"Wind",0
"World","OWID_WRL",1910-01-01,"Wind",0
"World","OWID_WRL",1920-01-01,"Wind",0
"World","OWID_WRL",1930-01-01,"Wind",0
"World","OWID_WRL",1940-01-01,"Wind",0
"World","OWID_WRL",1950-01-01,"Wind",0
"World","OWID_WRL",1960-01-01,"Wind",0
"World","OWID_WRL",1965-01-01,"Wind",0
"World","OWID_WRL",1966-01-01,"Wind",0
"World","OWID_WRL",1967-01-01,"Wind",0
"World","OWID_WRL",1968-01-01,"Wind",0
"World","OWID_WRL",1969-01-01,"Wind",0
"World","OWID_WRL",1970-01-01,"Wind",0
"World","OWID_WRL",1971-01-01,"Wind",0
"World","OWID_WRL",1972-01-01,"Wind",0
"World","OWID_WRL",1973-01-01,"Wind",0
"World","OWID_WRL",1974-01-01,"Wind",0
"World","OWID_WRL",1975-01-01,"Wind",0
"World","OWID_WRL",1976-01-01,"Wind",0
"World","OWID_WRL",1977-01-01,"Wind",0
"World","OWID_WRL",1978-01-01,"Wind",0
"World","OWID_WRL",1979-01-01,"Wind",0
"World","OWID_WRL",1980-01-01,"Wind",0
"World","OWID_WRL",1981-01-01,"Wind",0
"World","OWID_WRL",1982-01-01,"Wind",0
"World","OWID_WRL",1983-01-01,"Wind",0
"World","OWID_WRL",1984-01-01,"Wind",0
"World","OWID_WRL",1985-01-01,"Wind",0
"World","OWID_WRL",1986-01-01,"Wind",0
"World","OWID_WRL",1987-01-01,"Wind",1
"World","OWID_WRL",1988-01-01,"Wind",1
"World","OWID_WRL",1989-01-01,"Wind",7
"World","OWID_WRL",1990-01-01,"Wind",10
"World","OWID_WRL",1991-01-01,"Wind",11
"World","OWID_WRL",1992-01-01,"Wind",13
"World","OWID_WRL",1993-01-01,"Wind",16
"World","OWID_WRL",1994-01-01,"Wind",20
"World","OWID_WRL",1995-01-01,"Wind",23
"World","OWID_WRL",1996-01-01,"Wind",26
"World","OWID_WRL",1997-01-01,"Wind",33
"World","OWID_WRL",1998-01-01,"Wind",44
"World","OWID_WRL",1999-01-01,"Wind",59
"World","OWID_WRL",2000-01-01,"Wind",87
"World","OWID_WRL",2001-01-01,"Wind",106
"World","OWID_WRL",2002-01-01,"Wind",143
"World","OWID_WRL",2003-01-01,"Wind",171
"World","OWID_WRL",2004-01-01,"Wind",230
"World","OWID_WRL",2005-01-01,"Wind",280
"World","OWID_WRL",2006-01-01,"Wind",355
"World","OWID_WRL",2007-01-01,"Wind",454
"World","OWID_WRL",2008-01-01,"Wind",582
"World","OWID_WRL",2009-01-01,"Wind",724
"World","OWID_WRL",2010-01-01,"Wind",903
"World","OWID_WRL",2011-01-01,"Wind",1142
"World","OWID_WRL",2012-01-01,"Wind",1367
"World","OWID_WRL",2013-01-01,"Wind",1628
"World","OWID_WRL",2014-01-01,"Wind",1798
"World","OWID_WRL",2015-01-01,"Wind",2104
"World","OWID_WRL",2016-01-01,"Wind",2424
"World","OWID_WRL",2017-01-01,"Wind",2852
"World","OWID_WRL",2018-01-01,"Wind",3157
"World","OWID_WRL",2019-01-01,"Wind",3540
"World","OWID_WRL",1800-01-01,"Oil",0
"World","OWID_WRL",1810-01-01,"Oil",0
"World","OWID_WRL",1820-01-01,"Oil",0
"World","OWID_WRL",1830-01-01,"Oil",0
"World","OWID_WRL",1840-01-01,"Oil",0
"World","OWID_WRL",1850-01-01,"Oil",0
"World","OWID_WRL",1860-01-01,"Oil",0
"World","OWID_WRL",1870-01-01,"Oil",6
"World","OWID_WRL",1880-01-01,"Oil",33
"World","OWID_WRL",1890-01-01,"Oil",89
"World","OWID_WRL",1900-01-01,"Oil",181
"World","OWID_WRL",1910-01-01,"Oil",397
"World","OWID_WRL",1920-01-01,"Oil",889
"World","OWID_WRL",1930-01-01,"Oil",1756
"World","OWID_WRL",1940-01-01,"Oil",2653
"World","OWID_WRL",1950-01-01,"Oil",5444
"World","OWID_WRL",1960-01-01,"Oil",11097
"World","OWID_WRL",1965-01-01,"Oil",18109
"World","OWID_WRL",1966-01-01,"Oil",19496
"World","OWID_WRL",1967-01-01,"Oil",20891
"World","OWID_WRL",1968-01-01,"Oil",22675
"World","OWID_WRL",1969-01-01,"Oil",24577
"World","OWID_WRL",1970-01-01,"Oil",26708
"World","OWID_WRL",1971-01-01,"Oil",28205
"World","OWID_WRL",1972-01-01,"Oil",30378
"World","OWID_WRL",1973-01-01,"Oil",32746
"World","OWID_WRL",1974-01-01,"Oil",32272
"World","OWID_WRL",1975-01-01,"Oil",31948
"World","OWID_WRL",1976-01-01,"Oil",34030
"World","OWID_WRL",1977-01-01,"Oil",35215
"World","OWID_WRL",1978-01-01,"Oil",36426
"World","OWID_WRL",1979-01-01,"Oil",37024
"World","OWID_WRL",1980-01-01,"Oil",35577
"World","OWID_WRL",1981-01-01,"Oil",34296
"World","OWID_WRL",1982-01-01,"Oil",33198
"World","OWID_WRL",1983-01-01,"Oil",32969
"World","OWID_WRL",1984-01-01,"Oil",33739
"World","OWID_WRL",1985-01-01,"Oil",33789
"World","OWID_WRL",1986-01-01,"Oil",34803
"World","OWID_WRL",1987-01-01,"Oil",35499
"World","OWID_WRL",1988-01-01,"Oil",36703
"World","OWID_WRL",1989-01-01,"Oil",37300
"World","OWID_WRL",1990-01-01,"Oil",37691
"World","OWID_WRL",1991-01-01,"Oil",37691
"World","OWID_WRL",1992-01-01,"Oil",38344
"World","OWID_WRL",1993-01-01,"Oil",38099
"World","OWID_WRL",1994-01-01,"Oil",38935
"World","OWID_WRL",1995-01-01,"Oil",39445
"World","OWID_WRL",1996-01-01,"Oil",40380
"World","OWID_WRL",1997-01-01,"Oil",41413
"World","OWID_WRL",1998-01-01,"Oil",41624
"World","OWID_WRL",1999-01-01,"Oil",42371
"World","OWID_WRL",2000-01-01,"Oil",42897
"World","OWID_WRL",2001-01-01,"Oil",43278
"World","OWID_WRL",2002-01-01,"Oil",43639
"World","OWID_WRL",2003-01-01,"Oil",44610
"World","OWID_WRL",2004-01-01,"Oil",46256
"World","OWID_WRL",2005-01-01,"Oil",46824
"World","OWID_WRL",2006-01-01,"Oil",47367
"World","OWID_WRL",2007-01-01,"Oil",47958
"World","OWID_WRL",2008-01-01,"Oil",47566
"World","OWID_WRL",2009-01-01,"Oil",46654
"World","OWID_WRL",2010-01-01,"Oil",48087
"World","OWID_WRL",2011-01-01,"Oil",48550
"World","OWID_WRL",2012-01-01,"Oil",49157
"World","OWID_WRL",2013-01-01,"Oil",49689
"World","OWID_WRL",2014-01-01,"Oil",50014
"World","OWID_WRL",2015-01-01,"Oil",50892
"World","OWID_WRL",2016-01-01,"Oil",51920
"World","OWID_WRL",2017-01-01,"Oil",52568
"World","OWID_WRL",2018-01-01,"Oil",53181
"World","OWID_WRL",2019-01-01,"Oil",53620
"World","OWID_WRL",1800-01-01,"Nuclear",0
"World","OWID_WRL",1810-01-01,"Nuclear",0
"World","OWID_WRL",1820-01-01,"Nuclear",0
"World","OWID_WRL",1830-01-01,"Nuclear",0
"World","OWID_WRL",1840-01-01,"Nuclear",0
"World","OWID_WRL",1850-01-01,"Nuclear",0
"World","OWID_WRL",1860-01-01,"Nuclear",0
"World","OWID_WRL",1870-01-01,"Nuclear",0
"World","OWID_WRL",1880-01-01,"Nuclear",0
"World","OWID_WRL",1890-01-01,"Nuclear",0
"World","OWID_WRL",1900-01-01,"Nuclear",0
"World","OWID_WRL",1910-01-01,"Nuclear",0
"World","OWID_WRL",1920-01-01,"Nuclear",0
"World","OWID_WRL",1930-01-01,"Nuclear",0
"World","OWID_WRL",1940-01-01,"Nuclear",0
"World","OWID_WRL",1950-01-01,"Nuclear",0
"World","OWID_WRL",1960-01-01,"Nuclear",0
"World","OWID_WRL",1965-01-01,"Nuclear",71
"World","OWID_WRL",1966-01-01,"Nuclear",96
"World","OWID_WRL",1967-01-01,"Nuclear",114
"World","OWID_WRL",1968-01-01,"Nuclear",145
"World","OWID_WRL",1969-01-01,"Nuclear",172
"World","OWID_WRL",1970-01-01,"Nuclear",219
"World","OWID_WRL",1971-01-01,"Nuclear",305
"World","OWID_WRL",1972-01-01,"Nuclear",423
"World","OWID_WRL",1973-01-01,"Nuclear",566
"World","OWID_WRL",1974-01-01,"Nuclear",741
"World","OWID_WRL",1975-01-01,"Nuclear",1027
"World","OWID_WRL",1976-01-01,"Nuclear",1202
"World","OWID_WRL",1977-01-01,"Nuclear",1496
"World","OWID_WRL",1978-01-01,"Nuclear",1738
"World","OWID_WRL",1979-01-01,"Nuclear",1808
"World","OWID_WRL",1980-01-01,"Nuclear",1978
"World","OWID_WRL",1981-01-01,"Nuclear",2335
"World","OWID_WRL",1982-01-01,"Nuclear",2534
"World","OWID_WRL",1983-01-01,"Nuclear",2872
"World","OWID_WRL",1984-01-01,"Nuclear",3485
"World","OWID_WRL",1985-01-01,"Nuclear",4136
"World","OWID_WRL",1986-01-01,"Nuclear",4430
"World","OWID_WRL",1987-01-01,"Nuclear",4819
"World","OWID_WRL",1988-01-01,"Nuclear",5253
"World","OWID_WRL",1989-01-01,"Nuclear",5403
"World","OWID_WRL",1990-01-01,"Nuclear",5557
"World","OWID_WRL",1991-01-01,"Nuclear",5823
"World","OWID_WRL",1992-01-01,"Nuclear",5867
"World","OWID_WRL",1993-01-01,"Nuclear",6069
"World","OWID_WRL",1994-01-01,"Nuclear",6183
"World","OWID_WRL",1995-01-01,"Nuclear",6451
"World","OWID_WRL",1996-01-01,"Nuclear",6686
"World","OWID_WRL",1997-01-01,"Nuclear",6640
"World","OWID_WRL",1998-01-01,"Nuclear",6754
"World","OWID_WRL",1999-01-01,"Nuclear",7012
"World","OWID_WRL",2000-01-01,"Nuclear",7169
"World","OWID_WRL",2001-01-01,"Nuclear",7324
"World","OWID_WRL",2002-01-01,"Nuclear",7393
"World","OWID_WRL",2003-01-01,"Nuclear",7197
"World","OWID_WRL",2004-01-01,"Nuclear",7476
"World","OWID_WRL",2005-01-01,"Nuclear",7448
"World","OWID_WRL",2006-01-01,"Nuclear",7493
"World","OWID_WRL",2007-01-01,"Nuclear",7295
"World","OWID_WRL",2008-01-01,"Nuclear",7227
"World","OWID_WRL",2009-01-01,"Nuclear",7081
"World","OWID_WRL",2010-01-01,"Nuclear",7219
"World","OWID_WRL",2011-01-01,"Nuclear",6874
"World","OWID_WRL",2012-01-01,"Nuclear",6364
"World","OWID_WRL",2013-01-01,"Nuclear",6384
"World","OWID_WRL",2014-01-01,"Nuclear",6467
"World","OWID_WRL",2015-01-01,"Nuclear",6516
"World","OWID_WRL",2016-01-01,"Nuclear",6576
"World","OWID_WRL",2017-01-01,"Nuclear",6596
"World","OWID_WRL",2018-01-01,"Nuclear",6711
"World","OWID_WRL",2019-01-01,"Nuclear",6923
"World","OWID_WRL",1800-01-01,"Hydropower",0
"World","OWID_WRL",1810-01-01,"Hydropower",0
"World","OWID_WRL",1820-01-01,"Hydropower",0
"World","OWID_WRL",1830-01-01,"Hydropower",0
"World","OWID_WRL",1840-01-01,"Hydropower",0
"World","OWID_WRL",1850-01-01,"Hydropower",0
"World","OWID_WRL",1860-01-01,"Hydropower",0
"World","OWID_WRL",1870-01-01,"Hydropower",0
"World","OWID_WRL",1880-01-01,"Hydropower",0
"World","OWID_WRL",1890-01-01,"Hydropower",37
"World","OWID_WRL",1900-01-01,"Hydropower",44
"World","OWID_WRL",1910-01-01,"Hydropower",88
"World","OWID_WRL",1920-01-01,"Hydropower",168
"World","OWID_WRL",1930-01-01,"Hydropower",344
"World","OWID_WRL",1940-01-01,"Hydropower",504
"World","OWID_WRL",1950-01-01,"Hydropower",877
"World","OWID_WRL",1960-01-01,"Hydropower",1813
"World","OWID_WRL",1965-01-01,"Hydropower",2564
"World","OWID_WRL",1966-01-01,"Hydropower",2733
"World","OWID_WRL",1967-01-01,"Hydropower",2794
"World","OWID_WRL",1968-01-01,"Hydropower",2942
"World","OWID_WRL",1969-01-01,"Hydropower",3116
"World","OWID_WRL",1970-01-01,"Hydropower",3263
"World","OWID_WRL",1971-01-01,"Hydropower",3409
"World","OWID_WRL",1972-01-01,"Hydropower",3568
"World","OWID_WRL",1973-01-01,"Hydropower",3619
"World","OWID_WRL",1974-01-01,"Hydropower",3976
"World","OWID_WRL",1975-01-01,"Hydropower",4025
"World","OWID_WRL",1976-01-01,"Hydropower",4009
"World","OWID_WRL",1977-01-01,"Hydropower",4144
"World","OWID_WRL",1978-01-01,"Hydropower",4484
"World","OWID_WRL",1979-01-01,"Hydropower",4709
"World","OWID_WRL",1980-01-01,"Hydropower",4810
"World","OWID_WRL",1981-01-01,"Hydropower",4914
"World","OWID_WRL",1982-01-01,"Hydropower",5003
"World","OWID_WRL",1983-01-01,"Hydropower",5216
"World","OWID_WRL",1984-01-01,"Hydropower",5393
"World","OWID_WRL",1985-01-01,"Hydropower",5499
"World","OWID_WRL",1986-01-01,"Hydropower",5574
"World","OWID_WRL",1987-01-01,"Hydropower",5649
"World","OWID_WRL",1988-01-01,"Hydropower",5830
"World","OWID_WRL",1989-01-01,"Hydropower",5799
"World","OWID_WRL",1990-01-01,"Hydropower",5997
"World","OWID_WRL",1991-01-01,"Hydropower",6137
"World","OWID_WRL",1992-01-01,"Hydropower",6136
"World","OWID_WRL",1993-01-01,"Hydropower",6503
"World","OWID_WRL",1994-01-01,"Hydropower",6547
"World","OWID_WRL",1995-01-01,"Hydropower",6905
"World","OWID_WRL",1996-01-01,"Hydropower",7001
"World","OWID_WRL",1997-01-01,"Hydropower",7128
"World","OWID_WRL",1998-01-01,"Hydropower",7186
"World","OWID_WRL",1999-01-01,"Hydropower",7238
"World","OWID_WRL",2000-01-01,"Hydropower",7367
"World","OWID_WRL",2001-01-01,"Hydropower",7131
"World","OWID_WRL",2002-01-01,"Hydropower",7216
"World","OWID_WRL",2003-01-01,"Hydropower",7159
"World","OWID_WRL",2004-01-01,"Hydropower",7636
"World","OWID_WRL",2005-01-01,"Hydropower",7845
"World","OWID_WRL",2006-01-01,"Hydropower",8093
"World","OWID_WRL",2007-01-01,"Hydropower",8179
"World","OWID_WRL",2008-01-01,"Hydropower",8599
"World","OWID_WRL",2009-01-01,"Hydropower",8533
"World","OWID_WRL",2010-01-01,"Hydropower",8958
"World","OWID_WRL",2011-01-01,"Hydropower",9073
"World","OWID_WRL",2012-01-01,"Hydropower",9401
"World","OWID_WRL",2013-01-01,"Hydropower",9765
"World","OWID_WRL",2014-01-01,"Hydropower",9910
"World","OWID_WRL",2015-01-01,"Hydropower",9827
"World","OWID_WRL",2016-01-01,"Hydropower",10092
"World","OWID_WRL",2017-01-01,"Hydropower",10165
"World","OWID_WRL",2018-01-01,"Hydropower",10368
"World","OWID_WRL",2019-01-01,"Hydropower",10455
"World","OWID_WRL",1800-01-01,"Traditional.bimass",5556
"World","OWID_WRL",1810-01-01,"Traditional.bimass",5833
"World","OWID_WRL",1820-01-01,"Traditional.bimass",6111
"World","OWID_WRL",1830-01-01,"Traditional.bimass",6389
"World","OWID_WRL",1840-01-01,"Traditional.bimass",6944
"World","OWID_WRL",1850-01-01,"Traditional.bimass",7222
"World","OWID_WRL",1860-01-01,"Traditional.bimass",6944
"World","OWID_WRL",1870-01-01,"Traditional.bimass",6944
"World","OWID_WRL",1880-01-01,"Traditional.bimass",6944
"World","OWID_WRL",1890-01-01,"Traditional.bimass",6667
"World","OWID_WRL",1900-01-01,"Traditional.bimass",6111
"World","OWID_WRL",1910-01-01,"Traditional.bimass",6389
"World","OWID_WRL",1920-01-01,"Traditional.bimass",6944
"World","OWID_WRL",1930-01-01,"Traditional.bimass",7222
"World","OWID_WRL",1940-01-01,"Traditional.bimass",7222
"World","OWID_WRL",1950-01-01,"Traditional.bimass",7500
"World","OWID_WRL",1960-01-01,"Traditional.bimass",8889
"World","OWID_WRL",1965-01-01,"Traditional.bimass",9162
"World","OWID_WRL",1966-01-01,"Traditional.bimass",9218
"World","OWID_WRL",1967-01-01,"Traditional.bimass",9274
"World","OWID_WRL",1968-01-01,"Traditional.bimass",9331
"World","OWID_WRL",1969-01-01,"Traditional.bimass",9387
"World","OWID_WRL",1970-01-01,"Traditional.bimass",9444
"World","OWID_WRL",1971-01-01,"Traditional.bimass",9499
"World","OWID_WRL",1972-01-01,"Traditional.bimass",9553
"World","OWID_WRL",1973-01-01,"Traditional.bimass",9608
"World","OWID_WRL",1974-01-01,"Traditional.bimass",9663
"World","OWID_WRL",1975-01-01,"Traditional.bimass",9718
"World","OWID_WRL",1976-01-01,"Traditional.bimass",9774
"World","OWID_WRL",1977-01-01,"Traditional.bimass",9830
"World","OWID_WRL",1978-01-01,"Traditional.bimass",9886
"World","OWID_WRL",1979-01-01,"Traditional.bimass",9943
"World","OWID_WRL",1980-01-01,"Traditional.bimass",10000
"World","OWID_WRL",1981-01-01,"Traditional.bimass",10106
"World","OWID_WRL",1982-01-01,"Traditional.bimass",10213
"World","OWID_WRL",1983-01-01,"Traditional.bimass",10321
"World","OWID_WRL",1984-01-01,"Traditional.bimass",10430
"World","OWID_WRL",1985-01-01,"Traditional.bimass",10541
"World","OWID_WRL",1986-01-01,"Traditional.bimass",10653
"World","OWID_WRL",1987-01-01,"Traditional.bimass",10765
"World","OWID_WRL",1988-01-01,"Traditional.bimass",10879
"World","OWID_WRL",1989-01-01,"Traditional.bimass",10995
"World","OWID_WRL",1990-01-01,"Traditional.bimass",11111
"World","OWID_WRL",1991-01-01,"Traditional.bimass",11243
"World","OWID_WRL",1992-01-01,"Traditional.bimass",11376
"World","OWID_WRL",1993-01-01,"Traditional.bimass",11511
"World","OWID_WRL",1994-01-01,"Traditional.bimass",11647
"World","OWID_WRL",1995-01-01,"Traditional.bimass",11785
"World","OWID_WRL",1996-01-01,"Traditional.bimass",11925
"World","OWID_WRL",1997-01-01,"Traditional.bimass",12066
"World","OWID_WRL",1998-01-01,"Traditional.bimass",12209
"World","OWID_WRL",1999-01-01,"Traditional.bimass",12414
"World","OWID_WRL",2000-01-01,"Traditional.bimass",12500
"World","OWID_WRL",2001-01-01,"Traditional.bimass",12500
"World","OWID_WRL",2002-01-01,"Traditional.bimass",12470
"World","OWID_WRL",2003-01-01,"Traditional.bimass",12329
"World","OWID_WRL",2004-01-01,"Traditional.bimass",12160
"World","OWID_WRL",2005-01-01,"Traditional.bimass",12076
"World","OWID_WRL",2006-01-01,"Traditional.bimass",11993
"World","OWID_WRL",2007-01-01,"Traditional.bimass",11911
"World","OWID_WRL",2008-01-01,"Traditional.bimass",11829
"World","OWID_WRL",2009-01-01,"Traditional.bimass",11747
"World","OWID_WRL",2010-01-01,"Traditional.bimass",11667
"World","OWID_WRL",2011-01-01,"Traditional.bimass",11553
"World","OWID_WRL",2012-01-01,"Traditional.bimass",11441
"World","OWID_WRL",2013-01-01,"Traditional.bimass",11330
"World","OWID_WRL",2014-01-01,"Traditional.bimass",11220
"World","OWID_WRL",2015-01-01,"Traditional.bimass",11111
"World","OWID_WRL",2016-01-01,"Traditional.bimass",11111
"World","OWID_WRL",2017-01-01,"Traditional.bimass",11111
"World","OWID_WRL",2018-01-01,"Traditional.bimass",11111
"World","OWID_WRL",2019-01-01,"Traditional.bimass",11111
"World","OWID_WRL",1800-01-01,"Other.renewables",0
"World","OWID_WRL",1810-01-01,"Other.renewables",0
"World","OWID_WRL",1820-01-01,"Other.renewables",0
"World","OWID_WRL",1830-01-01,"Other.renewables",0
"World","OWID_WRL",1840-01-01,"Other.renewables",0
"World","OWID_WRL",1850-01-01,"Other.renewables",0
"World","OWID_WRL",1860-01-01,"Other.renewables",0
"World","OWID_WRL",1870-01-01,"Other.renewables",0
"World","OWID_WRL",1880-01-01,"Other.renewables",0
"World","OWID_WRL",1890-01-01,"Other.renewables",0
"World","OWID_WRL",1900-01-01,"Other.renewables",0
"World","OWID_WRL",1910-01-01,"Other.renewables",0
"World","OWID_WRL",1920-01-01,"Other.renewables",0
"World","OWID_WRL",1930-01-01,"Other.renewables",0
"World","OWID_WRL",1940-01-01,"Other.renewables",0
"World","OWID_WRL",1950-01-01,"Other.renewables",0
"World","OWID_WRL",1960-01-01,"Other.renewables",0
"World","OWID_WRL",1965-01-01,"Other.renewables",50
"World","OWID_WRL",1966-01-01,"Other.renewables",55
"World","OWID_WRL",1967-01-01,"Other.renewables",56
"World","OWID_WRL",1968-01-01,"Other.renewables",61
"World","OWID_WRL",1969-01-01,"Other.renewables",65
"World","OWID_WRL",1970-01-01,"Other.renewables",71
"World","OWID_WRL",1971-01-01,"Other.renewables",77
"World","OWID_WRL",1972-01-01,"Other.renewables",83
"World","OWID_WRL",1973-01-01,"Other.renewables",89
"World","OWID_WRL",1974-01-01,"Other.renewables",94
"World","OWID_WRL",1975-01-01,"Other.renewables",96
"World","OWID_WRL",1976-01-01,"Other.renewables",107
"World","OWID_WRL",1977-01-01,"Other.renewables",113
"World","OWID_WRL",1978-01-01,"Other.renewables",119
"World","OWID_WRL",1979-01-01,"Other.renewables",128
"World","OWID_WRL",1980-01-01,"Other.renewables",137
"World","OWID_WRL",1981-01-01,"Other.renewables",148
"World","OWID_WRL",1982-01-01,"Other.renewables",170
"World","OWID_WRL",1983-01-01,"Other.renewables",189
"World","OWID_WRL",1984-01-01,"Other.renewables",211
"World","OWID_WRL",1985-01-01,"Other.renewables",216
"World","OWID_WRL",1986-01-01,"Other.renewables",238
"World","OWID_WRL",1987-01-01,"Other.renewables",255
"World","OWID_WRL",1988-01-01,"Other.renewables",262
"World","OWID_WRL",1989-01-01,"Other.renewables",290
"World","OWID_WRL",1990-01-01,"Other.renewables",325
"World","OWID_WRL",1991-01-01,"Other.renewables",339
"World","OWID_WRL",1992-01-01,"Other.renewables",364
"World","OWID_WRL",1993-01-01,"Other.renewables",376
"World","OWID_WRL",1994-01-01,"Other.renewables",390
"World","OWID_WRL",1995-01-01,"Other.renewables",407
"World","OWID_WRL",1996-01-01,"Other.renewables",418
"World","OWID_WRL",1997-01-01,"Other.renewables",448
"World","OWID_WRL",1998-01-01,"Other.renewables",469
"World","OWID_WRL",1999-01-01,"Other.renewables",493
"World","OWID_WRL",2000-01-01,"Other.renewables",517
"World","OWID_WRL",2001-01-01,"Other.renewables",530
"World","OWID_WRL",2002-01-01,"Other.renewables",566
"World","OWID_WRL",2003-01-01,"Other.renewables",594
"World","OWID_WRL",2004-01-01,"Other.renewables",637
"World","OWID_WRL",2005-01-01,"Other.renewables",685
"World","OWID_WRL",2006-01-01,"Other.renewables",726
"World","OWID_WRL",2007-01-01,"Other.renewables",783
"World","OWID_WRL",2008-01-01,"Other.renewables",833
"World","OWID_WRL",2009-01-01,"Other.renewables",891
"World","OWID_WRL",2010-01-01,"Other.renewables",990
"World","OWID_WRL",2011-01-01,"Other.renewables",1033
"World","OWID_WRL",2012-01-01,"Other.renewables",1110
"World","OWID_WRL",2013-01-01,"Other.renewables",1188
"World","OWID_WRL",2014-01-01,"Other.renewables",1275
"World","OWID_WRL",2015-01-01,"Other.renewables",1362
"World","OWID_WRL",2016-01-01,"Other.renewables",1378
"World","OWID_WRL",2017-01-01,"Other.renewables",1457
"World","OWID_WRL",2018-01-01,"Other.renewables",1529
"World","OWID_WRL",2019-01-01,"Other.renewables",1614
"World","OWID_WRL",1800-01-01,"Biofuels",0
"World","OWID_WRL",1810-01-01,"Biofuels",0
"World","OWID_WRL",1820-01-01,"Biofuels",0
"World","OWID_WRL",1830-01-01,"Biofuels",0
"World","OWID_WRL",1840-01-01,"Biofuels",0
"World","OWID_WRL",1850-01-01,"Biofuels",0
"World","OWID_WRL",1860-01-01,"Biofuels",0
"World","OWID_WRL",1870-01-01,"Biofuels",0
"World","OWID_WRL",1880-01-01,"Biofuels",0
"World","OWID_WRL",1890-01-01,"Biofuels",0
"World","OWID_WRL",1900-01-01,"Biofuels",0
"World","OWID_WRL",1910-01-01,"Biofuels",0
"World","OWID_WRL",1920-01-01,"Biofuels",0
"World","OWID_WRL",1930-01-01,"Biofuels",0
"World","OWID_WRL",1940-01-01,"Biofuels",0
"World","OWID_WRL",1950-01-01,"Biofuels",0
"World","OWID_WRL",1960-01-01,"Biofuels",0
"World","OWID_WRL",1965-01-01,"Biofuels",0
"World","OWID_WRL",1966-01-01,"Biofuels",0
"World","OWID_WRL",1967-01-01,"Biofuels",0
"World","OWID_WRL",1968-01-01,"Biofuels",0
"World","OWID_WRL",1969-01-01,"Biofuels",0
"World","OWID_WRL",1970-01-01,"Biofuels",0
"World","OWID_WRL",1971-01-01,"Biofuels",0
"World","OWID_WRL",1972-01-01,"Biofuels",0
"World","OWID_WRL",1973-01-01,"Biofuels",0
"World","OWID_WRL",1974-01-01,"Biofuels",0
"World","OWID_WRL",1975-01-01,"Biofuels",0
"World","OWID_WRL",1976-01-01,"Biofuels",0
"World","OWID_WRL",1977-01-01,"Biofuels",0
"World","OWID_WRL",1978-01-01,"Biofuels",0
"World","OWID_WRL",1979-01-01,"Biofuels",0
"World","OWID_WRL",1980-01-01,"Biofuels",0
"World","OWID_WRL",1981-01-01,"Biofuels",0
"World","OWID_WRL",1982-01-01,"Biofuels",0
"World","OWID_WRL",1983-01-01,"Biofuels",0
"World","OWID_WRL",1984-01-01,"Biofuels",0
"World","OWID_WRL",1985-01-01,"Biofuels",0
"World","OWID_WRL",1986-01-01,"Biofuels",0
"World","OWID_WRL",1987-01-01,"Biofuels",0
"World","OWID_WRL",1988-01-01,"Biofuels",0
"World","OWID_WRL",1989-01-01,"Biofuels",0
"World","OWID_WRL",1990-01-01,"Biofuels",91
"World","OWID_WRL",1991-01-01,"Biofuels",102
"World","OWID_WRL",1992-01-01,"Biofuels",98
"World","OWID_WRL",1993-01-01,"Biofuels",100
"World","OWID_WRL",1994-01-01,"Biofuels",111
"World","OWID_WRL",1995-01-01,"Biofuels",115
"World","OWID_WRL",1996-01-01,"Biofuels",115
"World","OWID_WRL",1997-01-01,"Biofuels",132
"World","OWID_WRL",1998-01-01,"Biofuels",126
"World","OWID_WRL",1999-01-01,"Biofuels",122
"World","OWID_WRL",2000-01-01,"Biofuels",116
"World","OWID_WRL",2001-01-01,"Biofuels",127
"World","OWID_WRL",2002-01-01,"Biofuels",149
"World","OWID_WRL",2003-01-01,"Biofuels",185
"World","OWID_WRL",2004-01-01,"Biofuels",209
"World","OWID_WRL",2005-01-01,"Biofuels",246
"World","OWID_WRL",2006-01-01,"Biofuels",313
"World","OWID_WRL",2007-01-01,"Biofuels",424
"World","OWID_WRL",2008-01-01,"Biofuels",574
"World","OWID_WRL",2009-01-01,"Biofuels",636
"World","OWID_WRL",2010-01-01,"Biofuels",734
"World","OWID_WRL",2011-01-01,"Biofuels",775
"World","OWID_WRL",2012-01-01,"Biofuels",789
"World","OWID_WRL",2013-01-01,"Biofuels",857
"World","OWID_WRL",2014-01-01,"Biofuels",933
"World","OWID_WRL",2015-01-01,"Biofuels",937
"World","OWID_WRL",2016-01-01,"Biofuels",970
"World","OWID_WRL",2017-01-01,"Biofuels",1012
"World","OWID_WRL",2018-01-01,"Biofuels",1109
"World","OWID_WRL",2019-01-01,"Biofuels",1143
"World","OWID_WRL",1800-01-01,"Solar",0
"World","OWID_WRL",1810-01-01,"Solar",0
"World","OWID_WRL",1820-01-01,"Solar",0
"World","OWID_WRL",1830-01-01,"Solar",0
"World","OWID_WRL",1840-01-01,"Solar",0
"World","OWID_WRL",1850-01-01,"Solar",0
"World","OWID_WRL",1860-01-01,"Solar",0
"World","OWID_WRL",1870-01-01,"Solar",0
"World","OWID_WRL",1880-01-01,"Solar",0
"World","OWID_WRL",1890-01-01,"Solar",0
"World","OWID_WRL",1900-01-01,"Solar",0
"World","OWID_WRL",1910-01-01,"Solar",0
"World","OWID_WRL",1920-01-01,"Solar",0
"World","OWID_WRL",1930-01-01,"Solar",0
"World","OWID_WRL",1940-01-01,"Solar",0
"World","OWID_WRL",1950-01-01,"Solar",0
"World","OWID_WRL",1960-01-01,"Solar",0
"World","OWID_WRL",1965-01-01,"Solar",0
"World","OWID_WRL",1966-01-01,"Solar",0
"World","OWID_WRL",1967-01-01,"Solar",0
"World","OWID_WRL",1968-01-01,"Solar",0
"World","OWID_WRL",1969-01-01,"Solar",0
"World","OWID_WRL",1970-01-01,"Solar",0
"World","OWID_WRL",1971-01-01,"Solar",0
"World","OWID_WRL",1972-01-01,"Solar",0
"World","OWID_WRL",1973-01-01,"Solar",0
"World","OWID_WRL",1974-01-01,"Solar",0
"World","OWID_WRL",1975-01-01,"Solar",0
"World","OWID_WRL",1976-01-01,"Solar",0
"World","OWID_WRL",1977-01-01,"Solar",0
"World","OWID_WRL",1978-01-01,"Solar",0
"World","OWID_WRL",1979-01-01,"Solar",0
"World","OWID_WRL",1980-01-01,"Solar",0
"World","OWID_WRL",1981-01-01,"Solar",0
"World","OWID_WRL",1982-01-01,"Solar",0
"World","OWID_WRL",1983-01-01,"Solar",0
"World","OWID_WRL",1984-01-01,"Solar",0
"World","OWID_WRL",1985-01-01,"Solar",0
"World","OWID_WRL",1986-01-01,"Solar",0
"World","OWID_WRL",1987-01-01,"Solar",0
"World","OWID_WRL",1988-01-01,"Solar",0
"World","OWID_WRL",1989-01-01,"Solar",1
"World","OWID_WRL",1990-01-01,"Solar",1
"World","OWID_WRL",1991-01-01,"Solar",1
"World","OWID_WRL",1992-01-01,"Solar",1
"World","OWID_WRL",1993-01-01,"Solar",2
"World","OWID_WRL",1994-01-01,"Solar",2
"World","OWID_WRL",1995-01-01,"Solar",2
"World","OWID_WRL",1996-01-01,"Solar",2
"World","OWID_WRL",1997-01-01,"Solar",2
"World","OWID_WRL",1998-01-01,"Solar",2
"World","OWID_WRL",1999-01-01,"Solar",3
"World","OWID_WRL",2000-01-01,"Solar",3
"World","OWID_WRL",2001-01-01,"Solar",4
"World","OWID_WRL",2002-01-01,"Solar",5
"World","OWID_WRL",2003-01-01,"Solar",6
"World","OWID_WRL",2004-01-01,"Solar",8
"World","OWID_WRL",2005-01-01,"Solar",11
"World","OWID_WRL",2006-01-01,"Solar",15
"World","OWID_WRL",2007-01-01,"Solar",21
"World","OWID_WRL",2008-01-01,"Solar",33
"World","OWID_WRL",2009-01-01,"Solar",55
"World","OWID_WRL",2010-01-01,"Solar",88
"World","OWID_WRL",2011-01-01,"Solar",169
"World","OWID_WRL",2012-01-01,"Solar",260
"World","OWID_WRL",2013-01-01,"Solar",356
"World","OWID_WRL",2014-01-01,"Solar",504
"World","OWID_WRL",2015-01-01,"Solar",650
"World","OWID_WRL",2016-01-01,"Solar",825
"World","OWID_WRL",2017-01-01,"Solar",1117
"World","OWID_WRL",2018-01-01,"Solar",1448
"World","OWID_WRL",2019-01-01,"Solar",1793
"World","OWID_WRL",1800-01-01,"Coal",97
"World","OWID_WRL",1810-01-01,"Coal",128
"World","OWID_WRL",1820-01-01,"Coal",153
"World","OWID_WRL",1830-01-01,"Coal",264
"World","OWID_WRL",1840-01-01,"Coal",356
"World","OWID_WRL",1850-01-01,"Coal",569
"World","OWID_WRL",1860-01-01,"Coal",1061
"World","OWID_WRL",1870-01-01,"Coal",1642
"World","OWID_WRL",1880-01-01,"Coal",2542
"World","OWID_WRL",1890-01-01,"Coal",3856
"World","OWID_WRL",1900-01-01,"Coal",5728
"World","OWID_WRL",1910-01-01,"Coal",8656
"World","OWID_WRL",1920-01-01,"Coal",9833
"World","OWID_WRL",1930-01-01,"Coal",10125
"World","OWID_WRL",1940-01-01,"Coal",11586
"World","OWID_WRL",1950-01-01,"Coal",12603
"World","OWID_WRL",1960-01-01,"Coal",15442
"World","OWID_WRL",1965-01-01,"Coal",16140
"World","OWID_WRL",1966-01-01,"Coal",16324
"World","OWID_WRL",1967-01-01,"Coal",16061
"World","OWID_WRL",1968-01-01,"Coal",16301
"World","OWID_WRL",1969-01-01,"Coal",16799
"World","OWID_WRL",1970-01-01,"Coal",17059
"World","OWID_WRL",1971-01-01,"Coal",16966
"World","OWID_WRL",1972-01-01,"Coal",17154
"World","OWID_WRL",1973-01-01,"Coal",17668
"World","OWID_WRL",1974-01-01,"Coal",17682
"World","OWID_WRL",1975-01-01,"Coal",18025
"World","OWID_WRL",1976-01-01,"Coal",18688
"World","OWID_WRL",1977-01-01,"Coal",19241
"World","OWID_WRL",1978-01-01,"Coal",19458
"World","OWID_WRL",1979-01-01,"Coal",20364
"World","OWID_WRL",1980-01-01,"Coal",20858
"World","OWID_WRL",1981-01-01,"Coal",21150
"World","OWID_WRL",1982-01-01,"Coal",21384
"World","OWID_WRL",1983-01-01,"Coal",22045
"World","OWID_WRL",1984-01-01,"Coal",23000
"World","OWID_WRL",1985-01-01,"Coal",23986
"World","OWID_WRL",1986-01-01,"Coal",24256
"World","OWID_WRL",1987-01-01,"Coal",25210
"World","OWID_WRL",1988-01-01,"Coal",25965
"World","OWID_WRL",1989-01-01,"Coal",26213
"World","OWID_WRL",1990-01-01,"Coal",25895
"World","OWID_WRL",1991-01-01,"Coal",25643
"World","OWID_WRL",1992-01-01,"Coal",25550
"World","OWID_WRL",1993-01-01,"Coal",25675
"World","OWID_WRL",1994-01-01,"Coal",25774
"World","OWID_WRL",1995-01-01,"Coal",25954
"World","OWID_WRL",1996-01-01,"Coal",26572
"World","OWID_WRL",1997-01-01,"Coal",26527
"World","OWID_WRL",1998-01-01,"Coal",26360
"World","OWID_WRL",1999-01-01,"Coal",26522
"World","OWID_WRL",2000-01-01,"Coal",27417
"World","OWID_WRL",2001-01-01,"Coal",27853
"World","OWID_WRL",2002-01-01,"Coal",28945
"World","OWID_WRL",2003-01-01,"Coal",31497
"World","OWID_WRL",2004-01-01,"Coal",33664
"World","OWID_WRL",2005-01-01,"Coal",36171
"World","OWID_WRL",2006-01-01,"Coal",38071
"World","OWID_WRL",2007-01-01,"Coal",40224
"World","OWID_WRL",2008-01-01,"Coal",40770
"World","OWID_WRL",2009-01-01,"Coal",40149
"World","OWID_WRL",2010-01-01,"Coal",41997
"World","OWID_WRL",2011-01-01,"Coal",44018
"World","OWID_WRL",2012-01-01,"Coal",44185
"World","OWID_WRL",2013-01-01,"Coal",44993
"World","OWID_WRL",2014-01-01,"Coal",44954
"World","OWID_WRL",2015-01-01,"Coal",43844
"World","OWID_WRL",2016-01-01,"Coal",43196
"World","OWID_WRL",2017-01-01,"Coal",43360
"World","OWID_WRL",2018-01-01,"Coal",44109
"World","OWID_WRL",2019-01-01,"Coal",43849
"World","OWID_WRL",1800-01-01,"Gas",0
"World","OWID_WRL",1810-01-01,"Gas",0
"World","OWID_WRL",1820-01-01,"Gas",0
"World","OWID_WRL",1830-01-01,"Gas",0
"World","OWID_WRL",1840-01-01,"Gas",0
"World","OWID_WRL",1850-01-01,"Gas",0
"World","OWID_WRL",1860-01-01,"Gas",0
"World","OWID_WRL",1870-01-01,"Gas",0
"World","OWID_WRL",1880-01-01,"Gas",0
"World","OWID_WRL",1890-01-01,"Gas",33
"World","OWID_WRL",1900-01-01,"Gas",64
"World","OWID_WRL",1910-01-01,"Gas",142
"World","OWID_WRL",1920-01-01,"Gas",233
"World","OWID_WRL",1930-01-01,"Gas",603
"World","OWID_WRL",1940-01-01,"Gas",875
"World","OWID_WRL",1950-01-01,"Gas",2092
"World","OWID_WRL",1960-01-01,"Gas",4472
"World","OWID_WRL",1965-01-01,"Gas",6303
"World","OWID_WRL",1966-01-01,"Gas",6869
"World","OWID_WRL",1967-01-01,"Gas",7375
"World","OWID_WRL",1968-01-01,"Gas",8044
"World","OWID_WRL",1969-01-01,"Gas",8833
"World","OWID_WRL",1970-01-01,"Gas",9614
"World","OWID_WRL",1971-01-01,"Gas",10292
"World","OWID_WRL",1972-01-01,"Gas",10861
"World","OWID_WRL",1973-01-01,"Gas",11378
"World","OWID_WRL",1974-01-01,"Gas",11656
"World","OWID_WRL",1975-01-01,"Gas",11661
"World","OWID_WRL",1976-01-01,"Gas",12356
"World","OWID_WRL",1977-01-01,"Gas",12761
"World","OWID_WRL",1978-01-01,"Gas",13294
"World","OWID_WRL",1979-01-01,"Gas",14119
"World","OWID_WRL",1980-01-01,"Gas",14239
"World","OWID_WRL",1981-01-01,"Gas",14394
"World","OWID_WRL",1982-01-01,"Gas",14469
"World","OWID_WRL",1983-01-01,"Gas",14703
"World","OWID_WRL",1984-01-01,"Gas",15903
"World","OWID_WRL",1985-01-01,"Gas",16261
"World","OWID_WRL",1986-01-01,"Gas",16419
"World","OWID_WRL",1987-01-01,"Gas",17281
"World","OWID_WRL",1988-01-01,"Gas",18089
"World","OWID_WRL",1989-01-01,"Gas",18869
"World","OWID_WRL",1990-01-01,"Gas",19483
"World","OWID_WRL",1991-01-01,"Gas",19975
"World","OWID_WRL",1992-01-01,"Gas",20067
"World","OWID_WRL",1993-01-01,"Gas",20269
"World","OWID_WRL",1994-01-01,"Gas",20394
"World","OWID_WRL",1995-01-01,"Gas",21108
"World","OWID_WRL",1996-01-01,"Gas",22164
"World","OWID_WRL",1997-01-01,"Gas",22033
"World","OWID_WRL",1998-01-01,"Gas",22439
"World","OWID_WRL",1999-01-01,"Gas",23075
"World","OWID_WRL",2000-01-01,"Gas",24000
"World","OWID_WRL",2001-01-01,"Gas",24331
"World","OWID_WRL",2002-01-01,"Gas",25053
"World","OWID_WRL",2003-01-01,"Gas",25753
"World","OWID_WRL",2004-01-01,"Gas",26736
"World","OWID_WRL",2005-01-01,"Gas",27464
"World","OWID_WRL",2006-01-01,"Gas",28175
"World","OWID_WRL",2007-01-01,"Gas",29325
"World","OWID_WRL",2008-01-01,"Gas",30025
"World","OWID_WRL",2009-01-01,"Gas",29411
"World","OWID_WRL",2010-01-01,"Gas",31606
"World","OWID_WRL",2011-01-01,"Gas",32372
"World","OWID_WRL",2012-01-01,"Gas",33219
"World","OWID_WRL",2013-01-01,"Gas",33767
"World","OWID_WRL",2014-01-01,"Gas",33994
"World","OWID_WRL",2015-01-01,"Gas",34781
"World","OWID_WRL",2016-01-01,"Gas",35589
"World","OWID_WRL",2017-01-01,"Gas",36586
"World","OWID_WRL",2018-01-01,"Gas",38517
"World","OWID_WRL",2019-01-01,"Gas",39292
"World","notWorld",1800-01-01,"Wind",0
"World","notWorld",1810-01-01,"Wind",0
"World","notWorld",1820-01-01,"Wind",0
"World","notWorld",1830-01-01,"Wind",0
"World","notWorld",1840-01-01,"Wind",0
"World","notWorld",1850-01-01,"Wind",0
"World","notWorld",1860-01-01,"Wind",0
"World","notWorld",1870-01-01,"Wind",0
"World","notWorld",1880-01-01,"Wind",0
"World","notWorld",1890-01-01,"Wind",0
"World","notWorld",1900-01-01,"Wind",0
"World","notWorld",1910-01-01,"Wind",0
"World","notWorld",1920-01-01,"Wind",0
"World","notWorld",1930-01-01,"Wind",0
"World","notWorld",1940-01-01,"Wind",0
"World","notWorld",1950-01-01,"Wind",0
"World","notWorld",1960-01-01,"Wind",0
"World","notWorld",1965-01-01,"Wind",0
"World","notWorld",1966-01-01,"Wind",0
"World","notWorld",1967-01-01,"Wind",0
"World","notWorld",1968-01-01,"Wind",0
"World","notWorld",1969-01-01,"Wind",0
"World","notWorld",1970-01-01,"Wind",0
"World","notWorld",1971-01-01,"Wind",0
"World","notWorld",1972-01-01,"Wind",0
"World","notWorld",1973-01-01,"Wind",0
"World","notWorld",1974-01-01,"Wind",0
"World","notWorld",1975-01-01,"Wind",0
"World","notWorld",1976-01-01,"Wind",0
"World","notWorld",1977-01-01,"Wind",0
"World","notWorld",1978-01-01,"Wind",0
"World","notWorld",1979-01-01,"Wind",0
"World","notWorld",1980-01-01,"Wind",0
"World","notWorld",1981-01-01,"Wind",0
"World","notWorld",1982-01-01,"Wind",0
"World","notWorld",1983-01-01,"Wind",0
"World","notWorld",1984-01-01,"Wind",0
"World","notWorld",1985-01-01,"Wind",0
"World","notWorld",1986-01-01,"Wind",0
"World","notWorld",1987-01-01,"Wind",0.783068420913749
"World","notWorld",1988-01-01,"Wind",0.783068420913749
"World","notWorld",1989-01-01,"Wind",5.48147894639624
"World","notWorld",1990-01-01,"Wind",7.83068420913749
"World","notWorld",1991-01-01,"Wind",8.61375263005124
"World","notWorld",1992-01-01,"Wind",10.1798894718787
"World","notWorld",1993-01-01,"Wind",12.52909473462
"World","notWorld",1994-01-01,"Wind",15.661368418275
"World","notWorld",1995-01-01,"Wind",18.0105736810162
"World","notWorld",1996-01-01,"Wind",20.3597789437575
"World","notWorld",1997-01-01,"Wind",25.8412578901537
"World","notWorld",1998-01-01,"Wind",34.455010520205
"World","notWorld",1999-01-01,"Wind",46.2010368339112
"World","notWorld",2000-01-01,"Wind",68.1269526194962
"World","notWorld",2001-01-01,"Wind",83.0052526168574
"World","notWorld",2002-01-01,"Wind",111.978784190666
"World","notWorld",2003-01-01,"Wind",133.904699976251
"World","notWorld",2004-01-01,"Wind",180.105736810162
"World","notWorld",2005-01-01,"Wind",219.25915785585
"World","notWorld",2006-01-01,"Wind",277.989289424381
"World","notWorld",2007-01-01,"Wind",355.513063094842
"World","notWorld",2008-01-01,"Wind",455.745820971802
"World","notWorld",2009-01-01,"Wind",566.941536741554
"World","notWorld",2010-01-01,"Wind",707.110784085115
"World","notWorld",2011-01-01,"Wind",894.264136683501
"World","notWorld",2012-01-01,"Wind",1070.45453138909
"World","notWorld",2013-01-01,"Wind",1274.83538924758
"World","notWorld",2014-01-01,"Wind",1407.95702080292
"World","notWorld",2015-01-01,"Wind",1647.57595760253
"World","notWorld",2016-01-01,"Wind",1898.15785229493
"World","notWorld",2017-01-01,"Wind",2233.31113644601
"World","notWorld",2018-01-01,"Wind",2472.14700482471
"World","notWorld",2019-01-01,"Wind",2772.06221003467
"World","notWorld",1800-01-01,"Oil",0
"World","notWorld",1810-01-01,"Oil",0
"World","notWorld",1820-01-01,"Oil",0
"World","notWorld",1830-01-01,"Oil",0
"World","notWorld",1840-01-01,"Oil",0
"World","notWorld",1850-01-01,"Oil",0
"World","notWorld",1860-01-01,"Oil",0
"World","notWorld",1870-01-01,"Oil",3.41605798414461
"World","notWorld",1880-01-01,"Oil",18.7883189127953
"World","notWorld",1890-01-01,"Oil",50.6715267648117
"World","notWorld",1900-01-01,"Oil",103.051082521696
"World","notWorld",1910-01-01,"Oil",226.029169950902
"World","notWorld",1920-01-01,"Oil",506.145924650759
"World","notWorld",1930-01-01,"Oil",999.766303359655
"World","notWorld",1940-01-01,"Oil",1510.46697198927
"World","notWorld",1950-01-01,"Oil",3099.50327761387
"World","notWorld",1960-01-01,"Oil",6317.99924167545
"World","notWorld",1965-01-01,"Oil",10310.2323391458
"World","notWorld",1966-01-01,"Oil",11099.9110764805
"World","notWorld",1967-01-01,"Oil",11894.1445577942
"World","notWorld",1968-01-01,"Oil",12909.8524650798
"World","notWorld",1969-01-01,"Oil",13992.7428460537
"World","notWorld",1970-01-01,"Oil",15206.0127734224
"World","notWorld",1971-01-01,"Oil",16058.3192404664
"World","notWorld",1972-01-01,"Oil",17295.5015737241
"World","notWorld",1973-01-01,"Oil",18643.7057914666
"World","notWorld",1974-01-01,"Oil",18373.8372107191
"World","notWorld",1975-01-01,"Oil",18189.3700795753
"World","notWorld",1976-01-01,"Oil",19374.7422000735
"World","notWorld",1977-01-01,"Oil",20049.4136519421
"World","notWorld",1978-01-01,"Oil",20738.8880217419
"World","notWorld",1979-01-01,"Oil",21079.3551341617
"World","notWorld",1980-01-01,"Oil",20255.5158169854
"World","notWorld",1981-01-01,"Oil",19526.1874373706
"World","notWorld",1982-01-01,"Oil",18901.0488262721
"World","notWorld",1983-01-01,"Oil",18770.6692798773
"World","notWorld",1984-01-01,"Oil",19209.0633878425
"World","notWorld",1985-01-01,"Oil",19237.5305377104
"World","notWorld",1986-01-01,"Oil",19814.8443370308
"World","notWorld",1987-01-01,"Oil",20211.1070631916
"World","notWorld",1988-01-01,"Oil",20896.5960320099
"World","notWorld",1989-01-01,"Oil",21236.4938014323
"World","notWorld",1990-01-01,"Oil",21459.1069133991
"World","notWorld",1991-01-01,"Oil",21459.1069133991
"World","notWorld",1992-01-01,"Oil",21830.8878906735
"World","notWorld",1993-01-01,"Oil",21691.3988563209
"World","notWorld",1994-01-01,"Oil",22167.3696021117
"World","notWorld",1995-01-01,"Oil",22457.734530764
"World","notWorld",1996-01-01,"Oil",22990.0702332932
"World","notWorld",1997-01-01,"Oil",23578.2015495634
"World","notWorld",1998-01-01,"Oil",23698.3329220059
"World","notWorld",1999-01-01,"Oil",24123.6321410319
"World","notWorld",2000-01-01,"Oil",24423.1065576419
"World","notWorld",2001-01-01,"Oil",24640.0262396351
"World","notWorld",2002-01-01,"Oil",24845.5590616811
"World","notWorld",2003-01-01,"Oil",25398.3911121152
"World","notWorld",2004-01-01,"Oil",26335.5296857655
"World","notWorld",2005-01-01,"Oil",26658.9165082645
"World","notWorld",2006-01-01,"Oil",26968.0697558296
"World","notWorld",2007-01-01,"Oil",27304.5514672678
"World","notWorld",2008-01-01,"Oil",27081.3690123037
"World","notWorld",2009-01-01,"Oil",26562.1281987138
"World","notWorld",2010-01-01,"Oil",27377.996713927
"World","notWorld",2011-01-01,"Oil",27641.6025217034
"World","notWorld",2012-01-01,"Oil",27987.1937210994
"World","notWorld",2013-01-01,"Oil",28290.0841956936
"World","notWorld",2014-01-01,"Oil",28475.1206698347
"World","notWorld",2015-01-01,"Oil",28975.0038215146
"World","notWorld",2016-01-01,"Oil",29560.288422798
"World","notWorld",2017-01-01,"Oil",29929.2226850856
"World","notWorld",2018-01-01,"Oil",30278.2299424657
"World","notWorld",2019-01-01,"Oil",30528.1715183056
"World","notWorld",1800-01-01,"Nuclear",0
"World","notWorld",1810-01-01,"Nuclear",0
"World","notWorld",1820-01-01,"Nuclear",0
"World","notWorld",1830-01-01,"Nuclear",0
"World","notWorld",1840-01-01,"Nuclear",0
"World","notWorld",1850-01-01,"Nuclear",0
"World","notWorld",1860-01-01,"Nuclear",0
"World","notWorld",1870-01-01,"Nuclear",0
"World","notWorld",1880-01-01,"Nuclear",0
"World","notWorld",1890-01-01,"Nuclear",0
"World","notWorld",1900-01-01,"Nuclear",0
"World","notWorld",1910-01-01,"Nuclear",0
"World","notWorld",1920-01-01,"Nuclear",0
"World","notWorld",1930-01-01,"Nuclear",0
"World","notWorld",1940-01-01,"Nuclear",0
"World","notWorld",1950-01-01,"Nuclear",0
"World","notWorld",1960-01-01,"Nuclear",0
"World","notWorld",1965-01-01,"Nuclear",137.903750686748
"World","notWorld",1966-01-01,"Nuclear",186.461409379265
"World","notWorld",1967-01-01,"Nuclear",221.422923637877
"World","notWorld",1968-01-01,"Nuclear",281.634420416598
"World","notWorld",1969-01-01,"Nuclear",334.076691804516
"World","notWorld",1970-01-01,"Nuclear",425.365090146447
"World","notWorld",1971-01-01,"Nuclear",592.403436048705
"World","notWorld",1972-01-01,"Nuclear",821.595585077384
"World","notWorld",1973-01-01,"Nuclear",1099.34539279858
"World","notWorld",1974-01-01,"Nuclear",1439.2490036462
"World","notWorld",1975-01-01,"Nuclear",1994.74861908859
"World","notWorld",1976-01-01,"Nuclear",2334.65222993621
"World","notWorld",1977-01-01,"Nuclear",2905.69029616021
"World","notWorld",1978-01-01,"Nuclear",3375.72843230377
"World","notWorld",1979-01-01,"Nuclear",3511.68987664282
"World","notWorld",1980-01-01,"Nuclear",3841.88195575193
"World","notWorld",1981-01-01,"Nuclear",4535.28532188107
"World","notWorld",1982-01-01,"Nuclear",4921.8042850735
"World","notWorld",1983-01-01,"Nuclear",5578.30383059633
"World","notWorld",1984-01-01,"Nuclear",6768.93762173684
"World","notWorld",1985-01-01,"Nuclear",8033.37905408998
"World","notWorld",1986-01-01,"Nuclear",8604.41712031398
"World","notWorld",1987-01-01,"Nuclear",9359.97428956954
"World","notWorld",1988-01-01,"Nuclear",10202.9352444716
"World","notWorld",1989-01-01,"Nuclear",10494.2811966267
"World","notWorld",1990-01-01,"Nuclear",10793.3963741726
"World","notWorld",1991-01-01,"Nuclear",11310.049862661
"World","notWorld",1992-01-01,"Nuclear",11395.5113419598
"World","notWorld",1993-01-01,"Nuclear",11787.8572241954
"World","notWorld",1994-01-01,"Nuclear",12009.2801478333
"World","notWorld",1995-01-01,"Nuclear",12529.818249017
"World","notWorld",1996-01-01,"Nuclear",12986.2602407267
"World","notWorld",1997-01-01,"Nuclear",12896.9141487325
"World","notWorld",1998-01-01,"Nuclear",13118.3370723703
"World","notWorld",1999-01-01,"Nuclear",13619.4521100771
"World","notWorld",2000-01-01,"Nuclear",13924.3942066661
"World","notWorld",2001-01-01,"Nuclear",14225.4516905597
"World","notWorld",2002-01-01,"Nuclear",14359.4708285511
"World","notWorld",2003-01-01,"Nuclear",13978.7787844017
"World","notWorld",2004-01-01,"Nuclear",14520.6822554102
"World","notWorld",2005-01-01,"Nuclear",14466.2976776746
"World","notWorld",2006-01-01,"Nuclear",14553.7014633211
"World","notWorld",2007-01-01,"Nuclear",14169.1248064764
"World","notWorld",2008-01-01,"Nuclear",14037.0479748328
"World","notWorld",2009-01-01,"Nuclear",13753.4712480685
"World","notWorld",2010-01-01,"Nuclear",14021.5095240512
"World","notWorld",2011-01-01,"Nuclear",13351.4138340944
"World","notWorld",2012-01-01,"Nuclear",12360.8375967671
"World","notWorld",2013-01-01,"Nuclear",12399.6837237211
"World","notWorld",2014-01-01,"Nuclear",12560.8951505802
"World","notWorld",2015-01-01,"Nuclear",12656.0681616176
"World","notWorld",2016-01-01,"Nuclear",12772.6065424796
"World","notWorld",2017-01-01,"Nuclear",12811.4526694336
"World","notWorld",2018-01-01,"Nuclear",13034.8178994192
"World","notWorld",2019-01-01,"Nuclear",13446.5868451318
"World","notWorld",1800-01-01,"Hydropower",0
"World","notWorld",1810-01-01,"Hydropower",0
"World","notWorld",1820-01-01,"Hydropower",0
"World","notWorld",1830-01-01,"Hydropower",0
"World","notWorld",1840-01-01,"Hydropower",0
"World","notWorld",1850-01-01,"Hydropower",0
"World","notWorld",1860-01-01,"Hydropower",0
"World","notWorld",1870-01-01,"Hydropower",0
"World","notWorld",1880-01-01,"Hydropower",0
"World","notWorld",1890-01-01,"Hydropower",-29.8185951501364
"World","notWorld",1900-01-01,"Hydropower",-35.4599509893514
"World","notWorld",1910-01-01,"Hydropower",-70.9199019787028
"World","notWorld",1920-01-01,"Hydropower",-135.39254014116
"World","notWorld",1930-01-01,"Hydropower",-277.232344098566
"World","notWorld",1940-01-01,"Hydropower",-406.17762042348
"World","notWorld",1950-01-01,"Hydropower",-706.781295855936
"World","notWorld",1960-01-01,"Hydropower",-1461.11116235668
"World","notWorld",1965-01-01,"Hydropower",-2066.34805310675
"World","notWorld",1966-01-01,"Hydropower",-2202.54650122494
"World","notWorld",1967-01-01,"Hydropower",-2251.70688782382
"World","notWorld",1968-01-01,"Hydropower",-2370.98126842436
"World","notWorld",1969-01-01,"Hydropower",-2511.2092564277
"World","notWorld",1970-01-01,"Hydropower",-2629.67772905122
"World","notWorld",1971-01-01,"Hydropower",-2747.3402936977
"World","notWorld",1972-01-01,"Hydropower",-2875.47966204559
"World","notWorld",1973-01-01,"Hydropower",-2916.58096887415
"World","notWorld",1974-01-01,"Hydropower",-3204.29011667412
"World","notWorld",1975-01-01,"Hydropower",-3243.77960754862
"World","notWorld",1976-01-01,"Hydropower",-3230.88507991613
"World","notWorld",1977-01-01,"Hydropower",-3339.68265681528
"World","notWorld",1978-01-01,"Hydropower",-3613.69136900572
"World","notWorld",1979-01-01,"Hydropower",-3795.02066383763
"World","notWorld",1980-01-01,"Hydropower",-3876.41736951773
"World","notWorld",1981-01-01,"Hydropower",-3960.23179912893
"World","notWorld",1982-01-01,"Hydropower",-4031.95760908466
"World","notWorld",1983-01-01,"Hydropower",-4203.6160081922
"World","notWorld",1984-01-01,"Hydropower",-4346.26172012664
"World","notWorld",1985-01-01,"Hydropower",-4431.6879656919
"World","notWorld",1986-01-01,"Hydropower",-4492.1310639692
"World","notWorld",1987-01-01,"Hydropower",-4552.5741622465
"World","notWorld",1988-01-01,"Hydropower",-4698.44350608906
"World","notWorld",1989-01-01,"Hydropower",-4673.46035880111
"World","notWorld",1990-01-01,"Hydropower",-4833.03013825319
"World","notWorld",1991-01-01,"Hydropower",-4945.85725503749
"World","notWorld",1992-01-01,"Hydropower",-4945.05134706046
"World","notWorld",1993-01-01,"Hydropower",-5240.81957463073
"World","notWorld",1994-01-01,"Hydropower",-5276.27952562009
"World","notWorld",1995-01-01,"Hydropower",-5564.79458139708
"World","notWorld",1996-01-01,"Hydropower",-5642.16174719203
"World","notWorld",1997-01-01,"Hydropower",-5744.51206027493
"World","notWorld",1998-01-01,"Hydropower",-5791.25472294271
"World","notWorld",1999-01-01,"Hydropower",-5833.16193774831
"World","notWorld",2000-01-01,"Hydropower",-5937.12406678527
"World","notWorld",2001-01-01,"Hydropower",-5746.92978420602
"World","notWorld",2002-01-01,"Hydropower",-5815.43196225363
"World","notWorld",2003-01-01,"Hydropower",-5769.49520756288
"World","notWorld",2004-01-01,"Hydropower",-6153.91331260653
"World","notWorld",2005-01-01,"Hydropower",-6322.34807980595
"World","notWorld",2006-01-01,"Hydropower",-6522.21325810957
"World","notWorld",2007-01-01,"Hydropower",-6591.52134413421
"World","notWorld",2008-01-01,"Hydropower",-6930.00269448711
"World","notWorld",2009-01-01,"Hydropower",-6876.81276800308
"World","notWorld",2010-01-01,"Hydropower",-7219.32365824114
"World","notWorld",2011-01-01,"Hydropower",-7312.00307559967
"World","notWorld",2012-01-01,"Hydropower",-7576.34089206574
"World","notWorld",2013-01-01,"Hydropower",-7869.69139570492
"World","notWorld",2014-01-01,"Hydropower",-7986.54805237438
"World","notWorld",2015-01-01,"Hydropower",-7919.65769028083
"World","notWorld",2016-01-01,"Hydropower",-8133.22330419397
"World","notWorld",2017-01-01,"Hydropower",-8192.05458651721
"World","notWorld",2018-01-01,"Hydropower",-8355.65390585444
"World","notWorld",2019-01-01,"Hydropower",-8425.76789985612
"World","notWorld",1800-01-01,"Traditional.bimass",11546.3706247204
"World","notWorld",1810-01-01,"Traditional.bimass",12122.02661159
"World","notWorld",1820-01-01,"Traditional.bimass",12699.7607789177
"World","notWorld",1830-01-01,"Traditional.bimass",13277.4949462453
"World","notWorld",1840-01-01,"Traditional.bimass",14430.8851004425
"World","notWorld",1850-01-01,"Traditional.bimass",15008.6192677702
"World","notWorld",1860-01-01,"Traditional.bimass",14430.8851004425
"World","notWorld",1870-01-01,"Traditional.bimass",14430.8851004425
"World","notWorld",1880-01-01,"Traditional.bimass",14430.8851004425
"World","notWorld",1890-01-01,"Traditional.bimass",13855.2291135729
"World","notWorld",1900-01-01,"Traditional.bimass",12699.7607789177
"World","notWorld",1910-01-01,"Traditional.bimass",13277.4949462453
"World","notWorld",1920-01-01,"Traditional.bimass",14430.8851004425
"World","notWorld",1930-01-01,"Traditional.bimass",15008.6192677702
"World","notWorld",1940-01-01,"Traditional.bimass",15008.6192677702
"World","notWorld",1950-01-01,"Traditional.bimass",15586.3534350978
"World","notWorld",1960-01-01,"Traditional.bimass",18472.9460912779
"World","notWorld",1965-01-01,"Traditional.bimass",19040.2893563154
"World","notWorld",1966-01-01,"Traditional.bimass",19156.6674619642
"World","notWorld",1967-01-01,"Traditional.bimass",19273.0455676129
"World","notWorld",1968-01-01,"Traditional.bimass",19391.5018537196
"World","notWorld",1969-01-01,"Traditional.bimass",19507.8799593684
"World","notWorld",1970-01-01,"Traditional.bimass",19626.3362454751
"World","notWorld",1971-01-01,"Traditional.bimass",19740.6361706658
"World","notWorld",1972-01-01,"Traditional.bimass",19852.8579153985
"World","notWorld",1973-01-01,"Traditional.bimass",19967.1578405893
"World","notWorld",1974-01-01,"Traditional.bimass",20081.45776578
"World","notWorld",1975-01-01,"Traditional.bimass",20195.7576909707
"World","notWorld",1976-01-01,"Traditional.bimass",20312.1357966194
"World","notWorld",1977-01-01,"Traditional.bimass",20428.5139022682
"World","notWorld",1978-01-01,"Traditional.bimass",20544.8920079169
"World","notWorld",1979-01-01,"Traditional.bimass",20663.3482940236
"World","notWorld",1980-01-01,"Traditional.bimass",20781.8045801304
"World","notWorld",1981-01-01,"Traditional.bimass",21002.0917086798
"World","notWorld",1982-01-01,"Traditional.bimass",21224.4570176871
"World","notWorld",1983-01-01,"Traditional.bimass",21448.9005071526
"World","notWorld",1984-01-01,"Traditional.bimass",21675.422177076
"World","notWorld",1985-01-01,"Traditional.bimass",21906.1002079154
"World","notWorld",1986-01-01,"Traditional.bimass",22138.8564192129
"World","notWorld",1987-01-01,"Traditional.bimass",22371.6126305103
"World","notWorld",1988-01-01,"Traditional.bimass",22608.5252027238
"World","notWorld",1989-01-01,"Traditional.bimass",22849.5941358533
"World","notWorld",1990-01-01,"Traditional.bimass",23090.6630689829
"World","notWorld",1991-01-01,"Traditional.bimass",23364.9828894406
"World","notWorld",1992-01-01,"Traditional.bimass",23641.3808903563
"World","notWorld",1993-01-01,"Traditional.bimass",23921.9352521881
"World","notWorld",1994-01-01,"Traditional.bimass",24204.5677944778
"World","notWorld",1995-01-01,"Traditional.bimass",24491.3566976836
"World","notWorld",1996-01-01,"Traditional.bimass",24782.3019618055
"World","notWorld",1997-01-01,"Traditional.bimass",25075.3254063853
"World","notWorld",1998-01-01,"Traditional.bimass",25372.5052118812
"World","notWorld",1999-01-01,"Traditional.bimass",25798.5322057738
"World","notWorld",2000-01-01,"Traditional.bimass",25977.255725163
"World","notWorld",2001-01-01,"Traditional.bimass",25977.255725163
"World","notWorld",2002-01-01,"Traditional.bimass",25914.9103114226
"World","notWorld",2003-01-01,"Traditional.bimass",25621.8868668427
"World","notWorld",2004-01-01,"Traditional.bimass",25270.6743694385
"World","notWorld",2005-01-01,"Traditional.bimass",25096.1072109654
"World","notWorld",2006-01-01,"Traditional.bimass",24923.6182329504
"World","notWorld",2007-01-01,"Traditional.bimass",24753.2074353933
"World","notWorld",2008-01-01,"Traditional.bimass",24582.7966378362
"World","notWorld",2009-01-01,"Traditional.bimass",24412.3858402791
"World","notWorld",2010-01-01,"Traditional.bimass",24246.1314036381
"World","notWorld",2011-01-01,"Traditional.bimass",24009.2188314246
"World","notWorld",2012-01-01,"Traditional.bimass",23776.4626201272
"World","notWorld",2013-01-01,"Traditional.bimass",23545.7845892877
"World","notWorld",2014-01-01,"Traditional.bimass",23317.1847389063
"World","notWorld",2015-01-01,"Traditional.bimass",23090.6630689829
"World","notWorld",2016-01-01,"Traditional.bimass",23090.6630689829
"World","notWorld",2017-01-01,"Traditional.bimass",23090.6630689829
"World","notWorld",2018-01-01,"Traditional.bimass",23090.6630689829
"World","notWorld",2019-01-01,"Traditional.bimass",23090.6630689829
"World","notWorld",1800-01-01,"Other.renewables",0
"World","notWorld",1810-01-01,"Other.renewables",0
"World","notWorld",1820-01-01,"Other.renewables",0
"World","notWorld",1830-01-01,"Other.renewables",0
"World","notWorld",1840-01-01,"Other.renewables",0
"World","notWorld",1850-01-01,"Other.renewables",0
"World","notWorld",1860-01-01,"Other.renewables",0
"World","notWorld",1870-01-01,"Other.renewables",0
"World","notWorld",1880-01-01,"Other.renewables",0
"World","notWorld",1890-01-01,"Other.renewables",0
"World","notWorld",1900-01-01,"Other.renewables",0
"World","notWorld",1910-01-01,"Other.renewables",0
"World","notWorld",1920-01-01,"Other.renewables",0
"World","notWorld",1930-01-01,"Other.renewables",0
"World","notWorld",1940-01-01,"Other.renewables",0
"World","notWorld",1950-01-01,"Other.renewables",0
"World","notWorld",1960-01-01,"Other.renewables",0
"World","notWorld",1965-01-01,"Other.renewables",33.1724181850097
"World","notWorld",1966-01-01,"Other.renewables",36.4896600035107
"World","notWorld",1967-01-01,"Other.renewables",37.1531083672109
"World","notWorld",1968-01-01,"Other.renewables",40.4703501857118
"World","notWorld",1969-01-01,"Other.renewables",43.1241436405126
"World","notWorld",1970-01-01,"Other.renewables",47.1048338227138
"World","notWorld",1971-01-01,"Other.renewables",51.0855240049149
"World","notWorld",1972-01-01,"Other.renewables",55.0662141871161
"World","notWorld",1973-01-01,"Other.renewables",59.0469043693173
"World","notWorld",1974-01-01,"Other.renewables",62.3641461878182
"World","notWorld",1975-01-01,"Other.renewables",63.6910429152186
"World","notWorld",1976-01-01,"Other.renewables",70.9889749159208
"World","notWorld",1977-01-01,"Other.renewables",74.9696650981219
"World","notWorld",1978-01-01,"Other.renewables",78.9503552803231
"World","notWorld",1979-01-01,"Other.renewables",84.9213905536248
"World","notWorld",1980-01-01,"Other.renewables",90.8924258269266
"World","notWorld",1981-01-01,"Other.renewables",98.1903578276287
"World","notWorld",1982-01-01,"Other.renewables",112.786221829033
"World","notWorld",1983-01-01,"Other.renewables",125.391740739337
"World","notWorld",1984-01-01,"Other.renewables",139.987604740741
"World","notWorld",1985-01-01,"Other.renewables",143.304846559242
"World","notWorld",1986-01-01,"Other.renewables",157.900710560646
"World","notWorld",1987-01-01,"Other.renewables",169.179332743549
"World","notWorld",1988-01-01,"Other.renewables",173.823471289451
"World","notWorld",1989-01-01,"Other.renewables",192.400025473056
"World","notWorld",1990-01-01,"Other.renewables",215.620718202563
"World","notWorld",1991-01-01,"Other.renewables",224.908995294366
"World","notWorld",1992-01-01,"Other.renewables",241.495204386871
"World","notWorld",1993-01-01,"Other.renewables",249.456584751273
"World","notWorld",1994-01-01,"Other.renewables",258.744861843076
"World","notWorld",1995-01-01,"Other.renewables",270.023484025979
"World","notWorld",1996-01-01,"Other.renewables",277.321416026681
"World","notWorld",1997-01-01,"Other.renewables",297.224866937687
"World","notWorld",1998-01-01,"Other.renewables",311.157282575391
"World","notWorld",1999-01-01,"Other.renewables",327.080043304196
"World","notWorld",2000-01-01,"Other.renewables",343.002804033
"World","notWorld",2001-01-01,"Other.renewables",351.627632761103
"World","notWorld",2002-01-01,"Other.renewables",375.51177385431
"World","notWorld",2003-01-01,"Other.renewables",394.088328037915
"World","notWorld",2004-01-01,"Other.renewables",422.616607677024
"World","notWorld",2005-01-01,"Other.renewables",454.462129134633
"World","notWorld",2006-01-01,"Other.renewables",481.663512046341
"World","notWorld",2007-01-01,"Other.renewables",519.480068777252
"World","notWorld",2008-01-01,"Other.renewables",552.652486962262
"World","notWorld",2009-01-01,"Other.renewables",591.132492056873
"World","notWorld",2010-01-01,"Other.renewables",656.813880063192
"World","notWorld",2011-01-01,"Other.renewables",685.3421597023
"World","notWorld",2012-01-01,"Other.renewables",736.427683707215
"World","notWorld",2013-01-01,"Other.renewables",788.17665607583
"World","notWorld",2014-01-01,"Other.renewables",845.896663717747
"World","notWorld",2015-01-01,"Other.renewables",903.616671359664
"World","notWorld",2016-01-01,"Other.renewables",914.231845178867
"World","notWorld",2017-01-01,"Other.renewables",966.644265911183
"World","notWorld",2018-01-01,"Other.renewables",1014.4125480976
"World","notWorld",2019-01-01,"Other.renewables",1070.80565901211
"World","notWorld",1800-01-01,"Biofuels",0
"World","notWorld",1810-01-01,"Biofuels",0
"World","notWorld",1820-01-01,"Biofuels",0
"World","notWorld",1830-01-01,"Biofuels",0
"World","notWorld",1840-01-01,"Biofuels",0
"World","notWorld",1850-01-01,"Biofuels",0
"World","notWorld",1860-01-01,"Biofuels",0
"World","notWorld",1870-01-01,"Biofuels",0
"World","notWorld",1880-01-01,"Biofuels",0
"World","notWorld",1890-01-01,"Biofuels",0
"World","notWorld",1900-01-01,"Biofuels",0
"World","notWorld",1910-01-01,"Biofuels",0
"World","notWorld",1920-01-01,"Biofuels",0
"World","notWorld",1930-01-01,"Biofuels",0
"World","notWorld",1940-01-01,"Biofuels",0
"World","notWorld",1950-01-01,"Biofuels",0
"World","notWorld",1960-01-01,"Biofuels",0
"World","notWorld",1965-01-01,"Biofuels",0
"World","notWorld",1966-01-01,"Biofuels",0
"World","notWorld",1967-01-01,"Biofuels",0
"World","notWorld",1968-01-01,"Biofuels",0
"World","notWorld",1969-01-01,"Biofuels",0
"World","notWorld",1970-01-01,"Biofuels",0
"World","notWorld",1971-01-01,"Biofuels",0
"World","notWorld",1972-01-01,"Biofuels",0
"World","notWorld",1973-01-01,"Biofuels",0
"World","notWorld",1974-01-01,"Biofuels",0
"World","notWorld",1975-01-01,"Biofuels",0
"World","notWorld",1976-01-01,"Biofuels",0
"World","notWorld",1977-01-01,"Biofuels",0
"World","notWorld",1978-01-01,"Biofuels",0
"World","notWorld",1979-01-01,"Biofuels",0
"World","notWorld",1980-01-01,"Biofuels",0
"World","notWorld",1981-01-01,"Biofuels",0
"World","notWorld",1982-01-01,"Biofuels",0
"World","notWorld",1983-01-01,"Biofuels",0
"World","notWorld",1984-01-01,"Biofuels",0
"World","notWorld",1985-01-01,"Biofuels",0
"World","notWorld",1986-01-01,"Biofuels",0
"World","notWorld",1987-01-01,"Biofuels",0
"World","notWorld",1988-01-01,"Biofuels",0
"World","notWorld",1989-01-01,"Biofuels",0
"World","notWorld",1990-01-01,"Biofuels",111.599272232905
"World","notWorld",1991-01-01,"Biofuels",125.089294151168
"World","notWorld",1992-01-01,"Biofuels",120.183831635436
"World","notWorld",1993-01-01,"Biofuels",122.636562893302
"World","notWorld",1994-01-01,"Biofuels",136.126584811565
"World","notWorld",1995-01-01,"Biofuels",141.032047327297
"World","notWorld",1996-01-01,"Biofuels",141.032047327297
"World","notWorld",1997-01-01,"Biofuels",161.880263019159
"World","notWorld",1998-01-01,"Biofuels",154.52206924556
"World","notWorld",1999-01-01,"Biofuels",149.616606729828
"World","notWorld",2000-01-01,"Biofuels",142.25841295623
"World","notWorld",2001-01-01,"Biofuels",155.748434874493
"World","notWorld",2002-01-01,"Biofuels",182.72847871102
"World","notWorld",2003-01-01,"Biofuels",226.877641352609
"World","notWorld",2004-01-01,"Biofuels",256.310416447001
"World","notWorld",2005-01-01,"Biofuels",301.685944717523
"World","notWorld",2006-01-01,"Biofuels",383.852441856035
"World","notWorld",2007-01-01,"Biofuels",519.9790266676
"World","notWorld",2008-01-01,"Biofuels",703.933871007553
"World","notWorld",2009-01-01,"Biofuels",779.9685400014
"World","notWorld",2010-01-01,"Biofuels",900.152371636836
"World","notWorld",2011-01-01,"Biofuels",950.43336242309
"World","notWorld",2012-01-01,"Biofuels",967.602481228152
"World","notWorld",2013-01-01,"Biofuels",1050.9953439956
"World","notWorld",2014-01-01,"Biofuels",1144.19913179451
"World","notWorld",2015-01-01,"Biofuels",1149.10459431024
"World","notWorld",2016-01-01,"Biofuels",1189.57466006503
"World","notWorld",2017-01-01,"Biofuels",1241.08201648022
"World","notWorld",2018-01-01,"Biofuels",1360.03948248672
"World","notWorld",2019-01-01,"Biofuels",1401.73591387044
"World","notWorld",1800-01-01,"Solar",0
"World","notWorld",1810-01-01,"Solar",0
"World","notWorld",1820-01-01,"Solar",0
"World","notWorld",1830-01-01,"Solar",0
"World","notWorld",1840-01-01,"Solar",0
"World","notWorld",1850-01-01,"Solar",0
"World","notWorld",1860-01-01,"Solar",0
"World","notWorld",1870-01-01,"Solar",0
"World","notWorld",1880-01-01,"Solar",0
"World","notWorld",1890-01-01,"Solar",0
"World","notWorld",1900-01-01,"Solar",0
"World","notWorld",1910-01-01,"Solar",0
"World","notWorld",1920-01-01,"Solar",0
"World","notWorld",1930-01-01,"Solar",0
"World","notWorld",1940-01-01,"Solar",0
"World","notWorld",1950-01-01,"Solar",0
"World","notWorld",1960-01-01,"Solar",0
"World","notWorld",1965-01-01,"Solar",0
"World","notWorld",1966-01-01,"Solar",0
"World","notWorld",1967-01-01,"Solar",0
"World","notWorld",1968-01-01,"Solar",0
"World","notWorld",1969-01-01,"Solar",0
"World","notWorld",1970-01-01,"Solar",0
"World","notWorld",1971-01-01,"Solar",0
"World","notWorld",1972-01-01,"Solar",0
"World","notWorld",1973-01-01,"Solar",0
"World","notWorld",1974-01-01,"Solar",0
"World","notWorld",1975-01-01,"Solar",0
"World","notWorld",1976-01-01,"Solar",0
"World","notWorld",1977-01-01,"Solar",0
"World","notWorld",1978-01-01,"Solar",0
"World","notWorld",1979-01-01,"Solar",0
"World","notWorld",1980-01-01,"Solar",0
"World","notWorld",1981-01-01,"Solar",0
"World","notWorld",1982-01-01,"Solar",0
"World","notWorld",1983-01-01,"Solar",0
"World","notWorld",1984-01-01,"Solar",0
"World","notWorld",1985-01-01,"Solar",0
"World","notWorld",1986-01-01,"Solar",0
"World","notWorld",1987-01-01,"Solar",0
"World","notWorld",1988-01-01,"Solar",0
"World","notWorld",1989-01-01,"Solar",0.12062284669824
"World","notWorld",1990-01-01,"Solar",0.12062284669824
"World","notWorld",1991-01-01,"Solar",0.12062284669824
"World","notWorld",1992-01-01,"Solar",0.12062284669824
"World","notWorld",1993-01-01,"Solar",0.24124569339648
"World","notWorld",1994-01-01,"Solar",0.24124569339648
"World","notWorld",1995-01-01,"Solar",0.24124569339648
"World","notWorld",1996-01-01,"Solar",0.24124569339648
"World","notWorld",1997-01-01,"Solar",0.24124569339648
"World","notWorld",1998-01-01,"Solar",0.24124569339648
"World","notWorld",1999-01-01,"Solar",0.361868540094721
"World","notWorld",2000-01-01,"Solar",0.361868540094721
"World","notWorld",2001-01-01,"Solar",0.482491386792961
"World","notWorld",2002-01-01,"Solar",0.603114233491201
"World","notWorld",2003-01-01,"Solar",0.723737080189441
"World","notWorld",2004-01-01,"Solar",0.964982773585922
"World","notWorld",2005-01-01,"Solar",1.32685131368064
"World","notWorld",2006-01-01,"Solar",1.8093427004736
"World","notWorld",2007-01-01,"Solar",2.53307978066304
"World","notWorld",2008-01-01,"Solar",3.98055394104193
"World","notWorld",2009-01-01,"Solar",6.63425656840321
"World","notWorld",2010-01-01,"Solar",10.6148105094451
"World","notWorld",2011-01-01,"Solar",20.3852610920026
"World","notWorld",2012-01-01,"Solar",31.3619401415425
"World","notWorld",2013-01-01,"Solar",42.9417334245735
"World","notWorld",2014-01-01,"Solar",60.7939147359131
"World","notWorld",2015-01-01,"Solar",78.4048503538561
"World","notWorld",2016-01-01,"Solar",99.5138485260482
"World","notWorld",2017-01-01,"Solar",134.735719761934
"World","notWorld",2018-01-01,"Solar",174.661882019052
"World","notWorld",2019-01-01,"Solar",216.276764129945
"World","notWorld",1800-01-01,"Coal",71.1015129167146
"World","notWorld",1810-01-01,"Coal",93.8246768385512
"World","notWorld",1820-01-01,"Coal",112.149809033581
"World","notWorld",1830-01-01,"Coal",193.513395979512
"World","notWorld",1840-01-01,"Coal",260.94988245722
"World","notWorld",1850-01-01,"Coal",417.080008758872
"World","notWorld",1860-01-01,"Coal",777.718610357053
"World","notWorld",1870-01-01,"Coal",1203.59468256954
"World","notWorld",1880-01-01,"Coal",1863.2994415906
"World","notWorld",1890-01-01,"Coal",2826.46838976135
"World","notWorld",1900-01-01,"Coal",4198.65428852516
"World","notWorld",1910-01-01,"Coal",6344.89377120702
"World","notWorld",1920-01-01,"Coal",7207.64099494901
"World","notWorld",1930-01-01,"Coal",7421.67853898696
"World","notWorld",1940-01-01,"Coal",8492.59926446448
"World","notWorld",1950-01-01,"Coal",9238.06564215828
"World","notWorld",1960-01-01,"Coal",11319.0676542258
"World","notWorld",1965-01-01,"Coal",11830.7053451111
"World","notWorld",1966-01-01,"Coal",11965.5783180665
"World","notWorld",1967-01-01,"Coal",11772.7979273748
"World","notWorld",1968-01-01,"Coal",11948.7191964471
"World","notWorld",1969-01-01,"Coal",12313.755829772
"World","notWorld",1970-01-01,"Coal",12504.3372046003
"World","notWorld",1971-01-01,"Coal",12436.1677128348
"World","notWorld",1972-01-01,"Coal",12573.9727069415
"World","notWorld",1973-01-01,"Coal",12950.7374248713
"World","notWorld",1974-01-01,"Coal",12960.9994989005
"World","notWorld",1975-01-01,"Coal",13212.4203126163
"World","notWorld",1976-01-01,"Coal",13698.4028184285
"World","notWorld",1977-01-01,"Coal",14103.7547425825
"World","notWorld",1978-01-01,"Coal",14262.8168900354
"World","notWorld",1979-01-01,"Coal",14926.9196807833
"World","notWorld",1980-01-01,"Coal",15289.024292957
"World","notWorld",1981-01-01,"Coal",15503.061836995
"World","notWorld",1982-01-01,"Coal",15674.5850743405
"World","notWorld",1983-01-01,"Coal",16159.101569577
"World","notWorld",1984-01-01,"Coal",16859.1216194272
"World","notWorld",1985-01-01,"Coal",17581.8648331991
"World","notWorld",1986-01-01,"Coal",17779.7762609054
"World","notWorld",1987-01-01,"Coal",18479.0633054678
"World","notWorld",1988-01-01,"Coal",19032.4822977577
"World","notWorld",1989-01-01,"Coal",19214.2676091324
"World","notWorld",1990-01-01,"Coal",18981.1719276116
"World","notWorld",1991-01-01,"Coal",18796.4545950857
"World","notWorld",1992-01-01,"Coal",18728.2851033202
"World","notWorld",1993-01-01,"Coal",18819.9107642953
"World","notWorld",1994-01-01,"Coal",18892.4782877876
"World","notWorld",1995-01-01,"Coal",19024.4192395919
"World","notWorld",1996-01-01,"Coal",19477.416507453
"World","notWorld",1997-01-01,"Coal",19444.4312695019
"World","notWorld",1998-01-01,"Coal",19322.0193864391
"World","notWorld",1999-01-01,"Coal",19440.7662430629
"World","notWorld",2000-01-01,"Coal",20096.805975645
"World","notWorld",2001-01-01,"Coal",20416.3962811263
"World","notWorld",2002-01-01,"Coal",21216.8380554052
"World","notWorld",2003-01-01,"Coal",23087.4675498738
"World","notWorld",2004-01-01,"Coal",24675.890008539
"World","notWorld",2005-01-01,"Coal",26513.5342650565
"World","notWorld",2006-01-01,"Coal",27906.2443118788
"World","notWorld",2007-01-01,"Coal",29484.4046965147
"World","notWorld",2008-01-01,"Coal",29884.6255836541
"World","notWorld",2009-01-01,"Coal",29429.4292999296
"World","notWorld",2010-01-01,"Coal",30784.0230717862
"World","notWorld",2011-01-01,"Coal",32265.4267584324
"World","notWorld",2012-01-01,"Coal",32387.8386414952
"World","notWorld",2013-01-01,"Coal",32980.1069140385
"World","notWorld",2014-01-01,"Coal",32951.5197078143
"World","notWorld",2015-01-01,"Coal",32137.883838355
"World","notWorld",2016-01-01,"Coal",31662.8964118598
"World","notWorld",2017-01-01,"Coal",31783.1092790592
"World","notWorld",2018-01-01,"Coal",32332.1302396223
"World","notWorld",2019-01-01,"Coal",32141.548864794
"World","notWorld",1800-01-01,"Gas",0
"World","notWorld",1810-01-01,"Gas",0
"World","notWorld",1820-01-01,"Gas",0
"World","notWorld",1830-01-01,"Gas",0
"World","notWorld",1840-01-01,"Gas",0
"World","notWorld",1850-01-01,"Gas",0
"World","notWorld",1860-01-01,"Gas",0
"World","notWorld",1870-01-01,"Gas",0
"World","notWorld",1880-01-01,"Gas",0
"World","notWorld",1890-01-01,"Gas",66.0932638467887
"World","notWorld",1900-01-01,"Gas",128.180875339227
"World","notWorld",1910-01-01,"Gas",284.401317158909
"World","notWorld",1920-01-01,"Gas",466.658499281872
"World","notWorld",1930-01-01,"Gas",1207.70418483678
"World","notWorld",1940-01-01,"Gas",1752.47290502849
"World","notWorld",1950-01-01,"Gas",4189.91236265097
"World","notWorld",1960-01-01,"Gas",8956.63866432846
"World","notWorld",1965-01-01,"Gas",12623.8133947366
"World","notWorld",1966-01-01,"Gas",13757.4130110179
"World","notWorld",1967-01-01,"Gas",14770.8430566687
"World","notWorld",1968-01-01,"Gas",16110.733769199
"World","notWorld",1969-01-01,"Gas",17690.9636229905
"World","notWorld",1970-01-01,"Gas",19255.1708673645
"World","notWorld",1971-01-01,"Gas",20613.0870154894
"World","notWorld",1972-01-01,"Gas",21752.6951103022
"World","notWorld",1973-01-01,"Gas",22788.1562439019
"World","notWorld",1974-01-01,"Gas",23344.9419211567
"World","notWorld",1975-01-01,"Gas",23354.9560520425
"World","notWorld",1976-01-01,"Gas",24746.9202451794
"World","notWorld",1977-01-01,"Gas",25558.0648469355
"World","notWorld",1978-01-01,"Gas",26625.57119937
"World","notWorld",1979-01-01,"Gas",28277.9027955397
"World","notWorld",1980-01-01,"Gas",28518.2419368008
"World","notWorld",1981-01-01,"Gas",28828.6799942629
"World","notWorld",1982-01-01,"Gas",28978.8919575511
"World","notWorld",1983-01-01,"Gas",29447.5532830101
"World","notWorld",1984-01-01,"Gas",31850.9446956206
"World","notWorld",1985-01-01,"Gas",32567.9564670494
"World","notWorld",1986-01-01,"Gas",32884.4030030432
"World","notWorld",1987-01-01,"Gas",34610.8391677684
"World","notWorld",1988-01-01,"Gas",36229.1227189261
"World","notWorld",1989-01-01,"Gas",37791.3271371229
"World","notWorld",1990-01-01,"Gas",39021.0624099086
"World","notWorld",1991-01-01,"Gas",40006.4528890789
"World","notWorld",1992-01-01,"Gas",40190.7128973791
"World","notWorld",1993-01-01,"Gas",40595.2837851685
"World","notWorld",1994-01-01,"Gas",40845.6370573154
"World","notWorld",1995-01-01,"Gas",42275.6549478187
"World","notWorld",1996-01-01,"Gas",44390.6393909159
"World","notWorld",1997-01-01,"Gas",44128.2691617059
"World","notWorld",1998-01-01,"Gas",44941.4165896392
"World","notWorld",1999-01-01,"Gas",46215.2140383227
"World","notWorld",2000-01-01,"Gas",48067.82825221
"World","notWorld",2001-01-01,"Gas",48730.7637168551
"World","notWorld",2002-01-01,"Gas",50176.8042167757
"World","notWorld",2003-01-01,"Gas",51578.7825407985
"World","notWorld",2004-01-01,"Gas",53547.5606729619
"World","notWorld",2005-01-01,"Gas",55005.6181299456
"World","notWorld",2006-01-01,"Gas",56429.6275419174
"World","notWorld",2007-01-01,"Gas",58732.8776456691
"World","notWorld",2008-01-01,"Gas",60134.8559696919
"World","notWorld",2009-01-01,"Gas",58905.1206969062
"World","notWorld",2010-01-01,"Gas",63301.3241558062
"World","notWorld",2011-01-01,"Gas",64835.4890075226
"World","notWorld",2012-01-01,"Gas",66531.8827795902
"World","notWorld",2013-01-01,"Gas",67629.4315246823
"World","notWorld",2014-01-01,"Gas",68084.0730669011
"World","notWorld",2015-01-01,"Gas",69660.2972683382
"World","notWorld",2016-01-01,"Gas",71278.5808194959
"World","notWorld",2017-01-01,"Gas",73275.3985181398
"World","notWorld",2018-01-01,"Gas",77142.8558662655
"World","notWorld",2019-01-01,"Gas",78695.0461535765
